Invoices,List invoices,GET,/api/v1/customer/invoices,Customer App,Gaurav,2026-09-29,2026-09-29,Completed,,
Invoices,Invoice detail,GET,/api/v1/customer/invoices/{invoiceId},Customer App,Gaurav,2026-09-29,2026-09-29,Completed,,
Invoices,List invoices,GET,/api/v1/merchant/invoices,Merchant App,Gaurav,2026-09-29,2026-09-29,Completed,,
Invoices,Invoice detail,GET,/api/v1/merchant/invoices/{invoiceId},Merchant App,Gaurav,2026-09-29,2026-09-29,Completed,,
Payments,Customer payment summary,GET,/api/v1/customer/customers/{customerId}/payments/summary,Customer App,Gaurav,2026-09-29,2026-09-29,Completed,,
Payments,List payments,GET,/api/v1/customer/payments,Customer App,Gaurav,2026-09-29,2026-09-29,Completed,,
Payments,Payment detail,GET,/api/v1/customer/payments/{paymentId},Customer App,Gaurav,2026-09-29,2026-09-29,Completed,,
Payments,Customer payment summary,GET,/api/v1/merchant/customers/{customerId}/payments/summary,Merchant App,Gaurav,2026-09-29,2026-09-29,Completed,,
Payments,List payments,GET,/api/v1/merchant/payments,Merchant App,Gaurav,2026-09-29,2026-09-29,Completed,,
Payments,Record a payment,POST,/api/v1/merchant/payments,Merchant App,Gaurav,2026-09-29,2026-09-29,Completed,,
Payments,Payment detail,GET,/api/v1/merchant/payments/{paymentId},Merchant App,Gaurav,2026-09-29,2026-09-29,Completed,,
Payments,Reconcile a payment,POST,/api/v1/merchant/payments/{paymentId}/reconcile,Merchant App,Gaurav,2026-09-29,2026-09-29,Completed,,
