Customer KYC,List KYC applications,GET,/api/v1/merchant/kyc/applications,Merchant App,Gaurav,2026-09-22,2026-09-22,Completed,,
Customer KYC,KYC application detail,GET,/api/v1/merchant/kyc/applications/{application_id},Merchant App,Gaurav,2026-09-22,2026-09-22,Completed,,
Customer Documents,Upload a KYC document,POST,/api/v1/customer/documents,Customer App,Gaurav,2026-09-22,2026-09-22,Completed,,
Customer Documents,Stream a document,GET,/api/v1/customer/documents/{file_id}/content,Customer App,Gaurav,2026-09-22,2026-09-22,Completed,,
Customer Documents,Get a short-lived document URL,GET,/api/v1/customer/documents/{file_id}/url,Customer App,Gaurav,2026-09-22,2026-09-22,Completed,,
Customer Documents,Upload a KYC document,POST,/api/v1/merchant/documents,Merchant App,Gaurav,2026-09-22,2026-09-22,Completed,,
Customer Documents,Stream a document,GET,/api/v1/merchant/documents/{file_id}/content,Merchant App,Gaurav,2026-09-22,2026-09-22,Completed,,
Customer Documents,Get a short-lived document URL,GET,/api/v1/merchant/documents/{file_id}/url,Merchant App,Gaurav,2026-09-22,2026-09-22,Completed,,
Customers,My customer profile,GET,/api/v1/customer/profile,Customer App,Gaurav,2026-09-22,2026-09-23,Completed,,
Customers,Customer detail,GET,/api/v1/merchant/customers/{customer_id},Merchant App,Gaurav,2026-09-22,2026-09-23,Completed,,
Customers,Order eligibility,GET,/api/v1/merchant/customers/{customer_id}/eligibility,Merchant App,Gaurav,2026-09-22,2026-09-23,Completed,,
Customers,Customer pricing,GET,/api/v1/merchant/customers/{customer_id}/pricing,Merchant App,Gaurav,2026-09-22,2026-09-23,Completed,,
Customers,Remove a customer price,DELETE,/api/v1/merchant/customers/{customer_id}/pricing/{cylinderType},Merchant App,Gaurav,2026-09-22,2026-09-23,Completed,,
Customers,Set a customer price,PUT,/api/v1/merchant/customers/{customer_id}/pricing/{cylinderType},Merchant App,Gaurav,2026-09-22,2026-09-23,Completed,,
Constants,Key/value constants for both apps,GET,/api/v1/customer/constants,Customer App,Gaurav,2026-09-23,2026-09-23,Completed,,
Constants,Key/value constants for both apps,GET,/api/v1/merchant/constants,Merchant App,Gaurav,2026-09-23,2026-09-23,Completed,,
Pricing,Price change history,GET,/api/v1/merchant/pricing/change-logs,Merchant App,Gaurav,2026-09-24,2026-09-24,Completed,,
Pricing,Pricing months,GET,/api/v1/merchant/pricing/months,Merchant App,Gaurav,2026-09-24,2026-09-24,Completed,,
Pricing,Change a price (mid-month),PUT,/api/v1/merchant/pricing/months/{pricingMonthId}/entries,Merchant App,Gaurav,2026-09-24,2026-09-24,Completed,,
Expenses,Expenses,GET,/api/v1/merchant/expenses,Merchant App,Gaurav,2026-09-24,2026-09-24,Completed,,
Expenses,Add an expense,POST,/api/v1/merchant/expenses,Merchant App,Gaurav,2026-09-24,2026-09-24,Completed,,
Expenses,Spend by category,GET,/api/v1/merchant/expenses/breakdown,Merchant App,Gaurav,2026-09-24,2026-09-24,Completed,,
Expenses,Expense categories,GET,/api/v1/merchant/expenses/categories,Merchant App,Gaurav,2026-09-24,2026-09-24,Completed,,
Expenses,Add an expense category,POST,/api/v1/merchant/expenses/categories,Merchant App,Gaurav,2026-09-24,2026-09-24,Completed,,
Expenses,Remove an expense category,DELETE,/api/v1/merchant/expenses/categories/{categoryId},Merchant App,Gaurav,2026-09-24,2026-09-24,Completed,,
Expenses,Update an expense category,PATCH,/api/v1/merchant/expenses/categories/{categoryId},Merchant App,Gaurav,2026-09-24,2026-09-24,Completed,,
Expenses,Report periods,GET,/api/v1/merchant/expenses/periods,Merchant App,Gaurav,2026-09-24,2026-09-24,Completed,,
Expenses,Delete an expense,DELETE,/api/v1/merchant/expenses/{expenseId},Merchant App,Gaurav,2026-09-24,2026-09-24,Completed,,
Expenses,Expense detail,GET,/api/v1/merchant/expenses/{expenseId},Merchant App,Gaurav,2026-09-24,2026-09-24,Completed,,
Expenses,Update an expense,PATCH,/api/v1/merchant/expenses/{expenseId},Merchant App,Gaurav,2026-09-24,2026-09-24,Completed,,
Orders,Orders,GET,/api/v1/customer/orders,Customer App,Gaurav,2026-09-24,2026-09-25,Completed,,
Orders,Create an order,POST,/api/v1/customer/orders,Customer App,Gaurav,2026-09-24,2026-09-25,Completed,,
Orders,Order cut-off,GET,/api/v1/customer/orders/cutoff,Customer App,Gaurav,2026-09-24,2026-09-25,Completed,,
Orders,Order quote,POST,/api/v1/customer/orders/quote,Customer App,Gaurav,2026-09-24,2026-09-25,Completed,,
Orders,Repeat last order (preview),GET,/api/v1/customer/orders/repeat,Customer App,Gaurav,2026-09-24,2026-09-25,Completed,,
Orders,Repeat last order,POST,/api/v1/customer/orders/repeat,Customer App,Gaurav,2026-09-24,2026-09-25,Completed,,
Orders,Order status catalogue,GET,/api/v1/customer/orders/statuses,Customer App,Gaurav,2026-09-24,2026-09-25,Completed,,
Orders,Order detail,GET,/api/v1/customer/orders/{orderId},Customer App,Gaurav,2026-09-24,2026-09-25,Completed,,
Orders,Cancel an order,POST,/api/v1/customer/orders/{orderId}/cancel,Customer App,Gaurav,2026-09-24,2026-09-25,Completed,,
Orders,Reorder preview,GET,/api/v1/customer/orders/{orderId}/reorder,Customer App,Gaurav,2026-09-24,2026-09-25,Completed,,
Orders,Reorder,POST,/api/v1/customer/orders/{orderId}/reorder,Customer App,Gaurav,2026-09-24,2026-09-25,Completed,,
Orders,Orders,GET,/api/v1/merchant/orders,Merchant App,Gaurav,2026-09-24,2026-09-25,Completed,,
Orders,Create an order,POST,/api/v1/merchant/orders,Merchant App,Gaurav,2026-09-24,2026-09-25,Completed,,
Orders,Order cut-off,GET,/api/v1/merchant/orders/cutoff,Merchant App,Gaurav,2026-09-24,2026-09-25,Completed,,
Orders,Order quote,POST,/api/v1/merchant/orders/quote,Merchant App,Gaurav,2026-09-24,2026-09-25,Completed,,
Orders,Repeat last order (preview),GET,/api/v1/merchant/orders/repeat,Merchant App,Gaurav,2026-09-24,2026-09-25,Completed,,
Orders,Repeat last order,POST,/api/v1/merchant/orders/repeat,Merchant App,Gaurav,2026-09-24,2026-09-25,Completed,,
Orders,Order status catalogue,GET,/api/v1/merchant/orders/statuses,Merchant App,Gaurav,2026-09-24,2026-09-25,Completed,,
Orders,Order detail,GET,/api/v1/merchant/orders/{orderId},Merchant App,Gaurav,2026-09-24,2026-09-25,Completed,,
Orders,Cancel an order,POST,/api/v1/merchant/orders/{orderId}/cancel,Merchant App,Gaurav,2026-09-24,2026-09-25,Completed,,
Orders,Confirm an order,POST,/api/v1/merchant/orders/{orderId}/confirm,Merchant App,Gaurav,2026-09-24,2026-09-25,Completed,,
Orders,Reorder preview,GET,/api/v1/merchant/orders/{orderId}/reorder,Merchant App,Gaurav,2026-09-24,2026-09-25,Completed,,
Orders,Reorder,POST,/api/v1/merchant/orders/{orderId}/reorder,Merchant App,Gaurav,2026-09-24,2026-09-25,Completed,,
Notifications,Notifications,GET,/api/v1/customer/notifications,Customer App,Gaurav,2026-09-24,2026-09-25,Completed,,
Notifications,Mark all read,POST,/api/v1/customer/notifications/read-all,Customer App,Gaurav,2026-09-24,2026-09-25,Completed,,
Notifications,Unread count,GET,/api/v1/customer/notifications/unread-count,Customer App,Gaurav,2026-09-24,2026-09-25,Completed,,
Notifications,Notification detail,GET,/api/v1/customer/notifications/{notificationId},Customer App,Gaurav,2026-09-24,2026-09-25,Completed,,
Notifications,Mark read,POST,/api/v1/customer/notifications/{notificationId}/read,Customer App,Gaurav,2026-09-24,2026-09-25,Completed,,
Notifications,Notifications,GET,/api/v1/delivery/notifications,Delivery App,Gaurav,2026-09-24,2026-09-25,Completed,,
Notifications,Mark all read,POST,/api/v1/delivery/notifications/read-all,Delivery App,Gaurav,2026-09-24,2026-09-25,Completed,,
Notifications,Unread count,GET,/api/v1/delivery/notifications/unread-count,Delivery App,Gaurav,2026-09-24,2026-09-25,Completed,,
Notifications,Notification detail,GET,/api/v1/delivery/notifications/{notificationId},Delivery App,Gaurav,2026-09-24,2026-09-25,Completed,,
Notifications,Mark read,POST,/api/v1/delivery/notifications/{notificationId}/read,Delivery App,Gaurav,2026-09-24,2026-09-25,Completed,,
Notifications,Notifications,GET,/api/v1/merchant/notifications,Merchant App,Gaurav,2026-09-24,2026-09-25,Completed,,
Notifications,Mark all read,POST,/api/v1/merchant/notifications/read-all,Merchant App,Gaurav,2026-09-24,2026-09-25,Completed,,
Notifications,Unread count,GET,/api/v1/merchant/notifications/unread-count,Merchant App,Gaurav,2026-09-24,2026-09-25,Completed,,
Notifications,Notification detail,GET,/api/v1/merchant/notifications/{notificationId},Merchant App,Gaurav,2026-09-24,2026-09-25,Completed,,
Notifications,Mark read,POST,/api/v1/merchant/notifications/{notificationId}/read,Merchant App,Gaurav,2026-09-24,2026-09-25,Completed,,
Warehouse,Inventory snapshot,GET,/api/v1/merchant/inventory,Merchant App,Gaurav,2026-09-25,2026-09-25,Completed,,
Warehouse,Stock movement history,GET,/api/v1/merchant/inventory/movements,Merchant App,Gaurav,2026-09-25,2026-09-25,Completed,,
Warehouse,Record a stock movement,POST,/api/v1/merchant/inventory/movements,Merchant App,Gaurav,2026-09-25,2026-09-25,Completed,,
Dispatch,List delivery slips,GET,/api/v1/merchant/deliveries,Merchant App,Gaurav,2026-09-25,2026-09-25,Completed,,
Dispatch,Schedule a delivery,POST,/api/v1/merchant/deliveries,Merchant App,Gaurav,2026-09-25,2026-09-25,Completed,,
Dispatch,Delivery slip detail,GET,/api/v1/merchant/deliveries/{deliveryId},Merchant App,Gaurav,2026-09-25,2026-09-25,Completed,,
Dispatch,Confirm delivery,POST,/api/v1/merchant/deliveries/{deliveryId}/confirm,Merchant App,Gaurav,2026-09-25,2026-09-25,Completed,,
Dispatch,Mark as dispatched,POST,/api/v1/merchant/deliveries/{deliveryId}/dispatch,Merchant App,Gaurav,2026-09-25,2026-09-25,Completed,,
Dispatch,Mark a delivery failed,POST,/api/v1/merchant/deliveries/{deliveryId}/fail,Merchant App,Gaurav,2026-09-25,2026-09-25,Completed,,
Task Management,List tasks,GET,/api/v1/merchant/tasks,Merchant App,Gaurav,2026-09-25,2026-09-25,Completed,,
Task Management,Create a task,POST,/api/v1/merchant/tasks,Merchant App,Gaurav,2026-09-25,2026-09-25,Completed,,
Task Management,Task detail,GET,/api/v1/merchant/tasks/{taskId},Merchant App,Gaurav,2026-09-25,2026-09-25,Completed,,
Task Management,Task activity,GET,/api/v1/merchant/tasks/{taskId}/activity,Merchant App,Gaurav,2026-09-25,2026-09-25,Completed,,
Task Management,Task thread,GET,/api/v1/merchant/tasks/{taskId}/messages,Merchant App,Gaurav,2026-09-25,2026-09-25,Completed,,
Task Management,Post an update,POST,/api/v1/merchant/tasks/{taskId}/messages,Merchant App,Gaurav,2026-09-25,2026-09-25,Completed,,
Task Management,Update status or progress,PATCH,/api/v1/merchant/tasks/{taskId}/status,Merchant App,Gaurav,2026-09-25,2026-09-25,Completed,,
Task Management,Team members,GET,/api/v1/merchant/team,Merchant App,Gaurav,2026-09-25,2026-09-25,Completed,,
