Delivery App,My deliveries,GET,/api/v1/delivery/deliveries,Delivery App,Gaurav,2026-09-28,2026-09-28,Completed,,
Delivery App,Completed deliveries,GET,/api/v1/delivery/deliveries/history,Delivery App,Gaurav,2026-09-28,2026-09-28,Completed,,
Delivery App,Today's deliveries,GET,/api/v1/delivery/deliveries/today,Delivery App,Gaurav,2026-09-28,2026-09-28,Completed,,
Delivery App,Delivery detail,GET,/api/v1/delivery/deliveries/{deliveryId},Delivery App,Gaurav,2026-09-28,2026-09-28,Completed,,
Delivery App,Record the counts,POST,/api/v1/delivery/deliveries/{deliveryId}/confirm,Delivery App,Gaurav,2026-09-28,2026-09-28,Completed,,
Delivery App,Start the trip,POST,/api/v1/delivery/deliveries/{deliveryId}/start,Delivery App,Gaurav,2026-09-28,2026-09-28,Completed,,
Delivery App,Verify the customer's code,POST,/api/v1/delivery/deliveries/{deliveryId}/verify-customer-otp,Delivery App,Gaurav,2026-09-28,2026-09-28,Completed,,
Driver Profile,What is on my van,GET,/api/v1/delivery/driver/inventory,Delivery App,Gaurav,2026-09-28,2026-09-28,Completed,,
Driver Profile,Change app language,PATCH,/api/v1/delivery/driver/language,Delivery App,Gaurav,2026-09-28,2026-09-28,Completed,,
Driver Profile,My profile,GET,/api/v1/delivery/driver/profile,Delivery App,Gaurav,2026-09-28,2026-09-28,Completed,,
Driver Profile,Go on or off duty,PATCH,/api/v1/delivery/driver/status,Delivery App,Gaurav,2026-09-28,2026-09-28,Completed,,
Notifications,Mark read (PATCH),PATCH,/api/v1/delivery/notifications/{notificationId}/read,Delivery App,Gaurav,2026-09-28,2026-09-28,Completed,,
